{
  "coord": {
    "lon": -74.006,
    "lat": 40.7143
  },
  "weather": [
    {
      "id": 800,
      "main": "Clear",
      "description": "clear sky",
      "icon": "01d"
    }
  ],
  "base": "stations",
  "main": {
    "temp": 22.5,
    "feels_like": 22.8,
    "temp_min": 21.0,
    "temp_max": 24.0,
    "pressure": 1013,
    "humidity": 65
  },
  "visibility": 10000,
  "wind": {
    "speed": 3.6,
    "deg": 200
  },
  "clouds": {
    "all": 0
  },
  "dt": 1771332179,
  "sys": {
    "type": 2,
    "id": 2039034,
    "country": "US",
    "sunrise": 1771281000,
    "sunset": 1771328700
  },
  "timezone": -14400,
  "id": 5128581,
  "name": "New York",
  "cod": 200
}